model,accuracy,precision,recall,f1_score,roc_auc,pr_auc,train_time_sec,evaluation_time_sec
Random Forest,0.9534679366105427,0.9154706388373252,0.8806620209059234,0.8977290385597265,0.9781603550211407,0.9590043371577249,19.227168083190918,1.3868553638458252
XGBoost,0.9476703667417455,0.879099321932705,0.8978222996515679,0.8883621711305997,0.9873389589346658,0.9694043576206345,3.0102434158325195,0.9185740947723389
